\n\n*** ALLA SITT UTOM VINNARE:	\n\n*** ALLA SITT UTOM VINNARE:
$ sbt	$sbt
$favorite är mindre gott...	$favorite is not so great...
$msg\nRätt svar: $secret	$msg\nCorrect answer: $secret
(0,0) FINNS :)	(0,0) EXISTS :)
(0,0) FINNS INTE :(	(0,0) DOES NOT EXISTS :(<hrahsip>
*\n\t * Flyttar polygonen avståndet dx i x-led, dy i y-led	Moves the polygon by dx units in the x-direction, dy units in the y-direction
*\n\t * Lägger in en ny punkt med koordinaterna x,y på plats pos. Efterföljande\n\t * element flyttas	Adds a new point with coordinates x,y at position pos. Subsequent elements are moved
*\n    * Appends `lines` to the text file `fileName` using encoding `enc`.\n    *\n    * @param lines the lines to append to the file.\n    * @param fileName the path of the file.\n    * @param enc the encoding of the file.\n    *	*\n    * Appends `lines` to the text file `fileName` using encoding `enc`.\n    *\n    * @param lines the lines to append to the file.\n    * @param fileName the path of the file.\n    * @param enc the encoding of the file.\n    *
*\n    * Appends `string` to the text file `fileName` using encoding `enc`.\n    *\n    * @param text the text to be appended to the file.\n    * @param fileName the path of the file.\n    * @param enc the encoding of the file.\n    *	*\n    * Appends `string` to the text file `fileName` using encoding `enc`.\n    *\n    * @param text the text to be appended to the file.\n    * @param fileName the path of the file.\n    * @param enc the encoding of the file.\n    *
*\n    * Change name of file `from`, DANGER: silently replaces existing `to`.\n    *\n    * @param from the path of the file to be moved.\n    * @param to the path the file will be moved to.\n    *	*\n    * Change name of file `from`, DANGER: silently replaces existing `to`.\n    *\n    * @param from the path of the file to be moved.\n    * @param to the path the file will be moved to.\n    *
*\n    * Create a directory with name `dir` if it does not exist.\n    *\n    * @param dir the path of the directory to be created.\n    * @return true if and only if the directory was created,\n    *         along with all necessary parent directories otherwise false.\n    *	*\n    * Create a directory with name `dir` if it does not exist.\n    *\n    * @param dir the path of the directory to be created.\n    * @return true if and only if the directory was created,\n    *         along with all necessary parent directories otherwise false.\n    *
*\n    * Deletes `fileName`.\n    *\n    * @param fileName the path the file that will be deleted.\n    *	*\n    * Deletes `fileName`.\n    *\n    * @param fileName the path the file that will be deleted.\n    *
*\n    * Gets a sequence of file names in the directory `dir`.\n    *\n    * @param dir the path of the directory to be listed.\n    * @return a sequence of file names in the directory `dir\n    *	*\n    * Gets a sequence of file names in the directory `dir`.\n    *\n    * @param dir the path of the directory to be listed.\n    * @return a sequence of file names in the directory `dir\n    *
*\n    * Gets the path of the current user's home directory.\n    *\n    * @return the path of the current user's home directory.\n    *	*\n    * Gets the path of the current user's home directory.\n    *\n    * @return the path of the current user's home directory.\n    *
*\n    * Gets the path of the current working directory.\n    *\n    * @return the path of the current working directory.\n    *	*\n    * Gets the path of the current working directory.\n    *\n    * @return the path of the current working directory.\n    *
*\n    * Load a serialized object from a binary file called `fileName`.\n    *\n    * @param fileName the path of the file.\n    * @return the serialized object.\n    *	*\n    * Load a serialized object from a binary file called `fileName`.\n    *\n    * @param fileName the path of the file.\n    * @return the serialized object.\n    *
*\n    * Load a string from a text file called `fileName` using encoding `enc`.\n    *\n    * @param fileName the path of the file.\n    * @param enc the encoding of the file.\n    * @return the content loaded from the file.\n    *	*\n    * Load a string from a text file called `fileName` using encoding `enc`.\n    *\n    * @param fileName the path of the file.\n    * @param enc the encoding of the file.\n    * @return the content loaded from the file.\n    *
*\n    * Load image from file.\n    *\n    * @param file the file that will be loaded.\n    *	*\n    * Load image from file.\n    *\n    * @param file the file that will be loaded.\n    *
*\n    * Load image from file.\n    *\n    * @param fileName the path to the image that will be loaded.\n    *	*\n    * Load image from file.\n    *\n    * @param fileName the path to the image that will be loaded.\n    *
*\n    * Load string lines from a text file called `fileName` using encoding `enc`.\n    *\n    * @param fileName the path of the file.\n    * @param enc the encoding of the file.\n    *	*\n    * Load string lines from a text file called `fileName` using encoding `enc`.\n    *\n    * @param fileName the path of the file.\n    * @param enc the encoding of the file.\n    *
*\n    * Save `img` to file as `JPEG`. Does not restore color of transparent pixels.\n    *\n    * @param image the image to save.\n    * @param fileName the path to save the image to, `path/file.jpg` or just `path/file`\n    * @param compression the compression factor to use `(0.0-1.0)`.\n    *	*\n    * Save `img` to file as `JPEG`. Does not restore color of transparent pixels.\n    *\n    * @param image the image to save.\n    * @param fileName the path to save the image to, `path/file.jpg` or just `path/file`\n    * @param compression the compression factor to use `(0.0-1.0)`.\n    *
*\n    * Save `lines` to a text file called `fileName` using encoding `enc`.\n    *\n    * @param lines the lines to written to the file.\n    * @param fileName the path of the file.\n    * @param enc the encoding of the file.\n    *	*\n    * Save `lines` to a text file called `fileName` using encoding `enc`.\n    *\n    * @param lines the lines to written to the file.\n    * @param fileName the path of the file.\n    * @param enc the encoding of the file.\n    *
*\n    * Save `text` to a text file called `fileName` using encoding `enc`.\n    *\n    * @param text the text to be written to the file.\n    * @param fileName the path of the file.\n    * @param enc the encoding of the file.\n    *	*\n    * Save `text` to a text file called `fileName` using encoding `enc`.\n    *\n    * @param text the text to be written to the file.\n    * @param fileName the path of the file.\n    * @param enc the encoding of the file.\n    *
*\n    * Serialize `obj` to a binary file called `fileName`.\n    *\n    * @param obj the object to be serialized.\n    * @param fileName the path of the file.\n    *	*\n    * Serialize `obj` to a binary file called `fileName`.\n    *\n    * @param obj the object to be serialized.\n    * @param fileName the path of the file.\n    *
*\n    * Test if a file with name `fileName` exists.\n    *\n    * @param fileName the path of the file.\n    * @return true if the file exists else false.\n    *	*\n    * Test if a file with name `fileName` exists.\n    *\n    * @param fileName the path of the file.\n    * @return true if the file exists else false.\n    *
*\n   * A short string showing the day and month	*\n   * A short string showing the day and month
*\n   * A string suitable for showing to users	* A string suitable for displaying to users
*\n   * A string suitable for writing to log files	* A string suitable for writing to log files
*\n   * Converts a string obtained from toLogFormat into a BankEvent object.	* Converts a string obtained from toLogFormat into a BankEvent object.
*\n   * Converts a string obtained from toLogFormat into a Date object.	*\n   * Converts a string obtained from toLogFormat into a Date object.
*\n   * Converts a string obtained from toLogFormat into a HistoryEntry object.	* Converts a string obtained from toLogFormat into a HistoryEntry object.
*\n   * Creates a Date object based on the current time of the computer's clock.	*\n   * Creates a Date object based on the current time of the computer's clock.
*\n   * Deposits the provided amount in this account.	*\n   * Deposits the provided amount in this account.
*\n   * Executes an event in the bank.\n   * Returns a string describing whether the\n   * event was successful or failed.	*\n   * Executes an event in the bank.\n   * Returns a string describing whether the\n   * event was successful or failed.
*\n   * For a given number of iterations, shuffles a deck, draws a hand and\n   * returns a sequence with the frequency of each hand category.\n   * Prints a dot every dotStep iteration	*\n   * For a given number of iterations, shuffles a deck, draws a hand and\n   * returns a sequence with the frequency of each hand category.\n   * Prints a dot every dotStep iteration
*\n   * Resets the bank to the state it had at the provided date.\n   * Returns a string describing whether the event was\n   * successful or failed.	*\n   * Resets the bank to the state it had at the provided date.\n   * Returns a string describing whether the event was\n   * successful or failed.
*\n   * Returns a list of all customers whose names match\n   * the provided name pattern.	*\n   * Returns a list of all customers whose names match\n   * the provided name pattern.
*\n   * Returns a list of every account belonging to\n   * the customer with the provided id.	*\n   * Returns a list of every account belonging to\n   * the customer with the provided id.
*\n   * Returns a list of every bank account in the bank.\n   * The returned list is sorted in alphabetical order based\n   * on customer name.	*\n   * Returns a list of every bank account in the bank.\n   * The returned list is sorted in alphabetical order based\n   * on customer name.
*\n   * Returns a log of all changes to the bank's state.	*\n   * Returns a log of all changes to the bank's state.
*\n   * Returns a negative number if this date happened before the argument date, returns a positive number\n   * if this date happened after the argument date, and returns 0 if both dates are equal.	*\n   * Returns a negative number if this date happened before the argument date, returns a positive number\n   * if this date happened after the argument date, and returns 0 if both dates are equal.
*\n   * Returns a string suitable for showing to users.	*\n   * Returns a string suitable for showing to users.
*\n   * Returns a string suitable for writing to log files.	*\n   * Returns a string suitable for writing to log files.
*\n   * Returns the account holding the provided account number.	*\n   * Returns the account holding the provided account number.
*\n   * Returns the balance of this account.	*\n   * Returns the balance of this account.
*\n   * Withdraws the provided amount from this account,\n   * if there is enough money in the account. Returns true\n   * if the transaction was successful, otherwise false.	*\n   * Withdraws the provided amount from this account,\n   * if there is enough money in the account. Returns true\n   * if the transaction was successful, otherwise false.
*\n   * Yields a sequence of length 13, with positions 0-12 containing the \n   * number of cards of that card's rank's ordinal number (zero based).	*\n   * Yields a sequence of length 13, with positions 0-12 containing the \n   * number of cards of that card's rank's ordinal number (zero based).
*\n  * Save `img` to file as `JPEG` with a compression ratio of 0.75.\n  * Restore color of transparent pixels.\n  * @param img the image to save.\n  * @param fileName the path to save the image to, `path/file.jpg` or just `path/file`.\n  *	*\n  * Save `img` to file as `JPEG` with a compression ratio of 0.75.\n  * Restore color of transparent pixels.\n  * @param img the image to save.\n  * @param fileName the path to save the image to, `path/file.jpg` or just `path/file`.\n  *
*\n  * Save `img` to file as `PNG`.\n  *\n  * @param img the image to save.\n  * @param fileName the path to save the image to, `path/file.png` or just `path/file`.\n  *	*\n  * Save `img` to file as `PNG`.\n  *\n  * @param img the image to save.\n  * @param fileName the path to save the image to, `path/file.png` or just `path/file`.\n  *
*\n * A bank account for hold by a specific customer.\n * The account is given a unique account number and initially\n * has a balance of 0 kr.	*\n * A bank account for hold by a specific customer.\n * The account is given a unique account number and initially\n * has a balance of 0 kr.
*\n * A bank with no accounts and no history.	*\n * A bank with no accounts and no history.
*\n * A customer of a bank with provided name and id.	*\n * A customer of a bank with provided name and id.
*\n * A simple window to draw in, used in "Objektorienterad programmering och\n * Java".\n * \n * @author Per Holm (and several others in earlier versions)\n * @version 2.2 (2015-08-09) Add Sprite support (Maj Stenmark, Björn Regnell)\n * @version 2.3 (2016-05-09) Add setExitOnLastClose (Björn Regnell)\n * @version 2.4 (2016-07-09) Add waitForEvent(int timeoutMillis) (Björn Regnell, Gustav Cedersjö, Patrik Persson)	*\n * A simple window to draw in, used in "Object-Oriented Programming and\n * Java".\n * \n * @author Per Holm (and several others in earlier versions)\n * @version 2.2 (2015-08-09) Add Sprite support (Maj Stenmark, Björn Regnell)\n * @version 2.3 (2016-05-09) Add setExitOnLastClose (Björn Regnell)\n * @version 2.4 (2016-07-09) Add waitForEvent(int timeoutMillis) (Björn Regnell, Gustav Cedersjö, Patrik Persson)
*\n * Beskriver en figur som har ett läge.	* \n * Describes a figure that has a state.
*\n * Beskriver en lista av figurobjekt (objekt av klassen Shape).\n * OBSERVERA: bara skelett, du ska själv skriva denna klass.	*\n * Describes a list of figure objects (objects of class Shape).\n * NOTE: this is just a skeleton, you will need to write this class yourself.
*\n * Bildbehandling.	* Image processing.
*\n * ComplexPlane is where the Mandelbrot set is drawn. *	* \n * ComplexPlane is where the Mandelbrot set is drawn. *
*\n * Creates a Date object based on date given as parameters.	* Creates a Date object based on the date given as parameters.
*\n * Describes a list of figure objects (objects of class Shape).\n * NOTE: this is just a skeleton, you will need to write this class yourself.	*\n * Describes a list of figure objects (objects of class Shape).\n * NOTE: this is just a skeleton, you will need to write this class yourself.
*\n * Describes a maze. The maze definition is read from a file.\n *	*\n * Describes a maze. The maze definition is read from a file.\n *
*\n * Determines the number of arguments the filter requires.\n * \n * @return the number of arguments needed by the apply method.	*\n * Determines the number of arguments the filter requires.\n * \n * @return the number of arguments needed by the apply method.
*\n * Easy-to-use support for creating windows.\n *  \n * Includes the classes SimpleWindow for creating windows,\n * and Sprite for creating movable images in a window.	*\n * Easy-to-use support for creating windows.\n * \n * Includes the classes SimpleWindow for creating windows, and Sprite for creating movable images in a window.
*\n * Fraktaler (MandelbrotGUI).	*\n * Fraktaler (MandelbrotGUI).
*\n * Geometriska figurer och lista av figurer (Shape och ShapeList).	*\n * Geometriska figurer och lista av figurer (Shape och ShapeList).
*\n * Hanterar en Sprite som kan ritas, flyttas och roteras i SimpleWindow.	*\n * Hanterar en Sprite som kan ritas, flyttas och roteras i SimpleWindow.
*\n * Kvadrater (Square).	*\n * Kvadrater (Square).
*\n * Labyrint (Maze).	*\n * Labyrint (Maze).
*\n * Lättanvänt stöd för att skapa ritfönster.\n *  \n * Innehåller klasserna SimpleWindow för att skapa ritfönster, \n * samt Sprite för att skapa flyttbara bilder i ett ritfönster.	*\n * Easy-to-use support for creating windows.\n *  \n * Includes the classes SimpleWindow for creating windows,\n * and Sprite for creating movable images in a window.
*\n * Programexempel.	* Program example.
*\n * Redraws the zoomed rectangle and computes the lower right corner of\n * the rectangle	* \n * Redraws the zoomed rectangle and computes the lower right corner of\n * the rectangle
*\n * Superklassen till alla filterklasser.\n * @version 1.2 (2016-07-17) nbrOfArgs attribut har lagts till \n * samt en getNumberOfArguments-metod (Casper Schreiter, Björn Regnell)	*\n * Superclass for all filter classes.\n * @version 1.2 (2016-07-17) nbrOfArgs attribute has been added \n * along with a getNumberOfArguments-method (Casper Schreiter, Björn Regnell)
*\n * The graphical user interface for the Mandelbrot assignment.\n * \n * Initial version by Christian Andersson.\n * <p>\n * May 09, PH: added proportional zooming, removed double buffering, removed\n * some interface options, added "Extra" text field, added constructor for \n * variable image width, simplified layouts, cleaned up a lot.	*\n * The graphical user interface for the Mandelbrot assignment.\n * \n * Initial version by Christian Andersson.\n * <p>\n * May 09, PH: added proportional zooming, removed double buffering, removed\n * some interface options, added "Extra" text field, added constructor for \n * variable image width, simplified layouts, cleaned up a lot.
*\n * The image where everything is drawn	* The image where everything is drawn
*\n * Updates the mouse position in the GUI. Converts from pixel coordinates to\n * coordinate values in the complex plane.\n * \n * @param x\n *            The x coordinate (in pixels)\n * @param y\n *            The y coordinate (in pixels)	*\n * Updates the mouse position in the GUI. Converts from pixel coordinates to\n * coordinate values in the complex plane.\n * \n * @param x\n *            The x coordinate (in pixels)\n * @param y\n *            The y coordinate (in pixels)
*\n * Updates the zoomed rectangle while dragging the mouse.	* Updates the zoomed rectangle while dragging the mouse.
*\n * Used to end zooming. Computes new minimum and maximum limits for\n * the coordinate system.	*\n * Used to end zooming. Computes new minimum and maximum limits for\n * the coordinate system.
* \n * Describes a figure that has a state.	* \n * Represents a figure that has a state.
* === I N N E R C L A S S E S ===	* === INNER CLASSES ===
* === INNER CLASSES ===	* === INNER CLASSES ===
* A Swing `JPanel` to create drawing windows for 2D graphics.	A Swing `JPanel` to create drawing windows for 2D graphics.
* A class extending `introprog.BlockGame`, see source code.	A class extending `introprog.BlockGame`, see source code.
* A class for creating games with block-based graphics. \n * See example usage in [introprog.examples.TestBlockGame](https://github.com/lunduniversity/introprog-scalalib/blob/master/src/main/scala/introprog/examples/TestBlockGame.scala#L7)\n * \n * @constructor Create a new game.\n * @param title the title of the window\n * @param dim the (width, height) of the window in number of blocks\n * @param blockSize the side of each square block in pixels\n * @param background the color used when clearing pixels\n * @param framesPerSecond the desired update rate in the gameLoop\n * @param messageAreaHeight the height in pixels of the message area\n * @param messageAreaBackground the color of the message area background	* A class for creating games with block-based graphics. \n * See example usage in [introprog.examples.TestBlockGame](https://github.com/lunduniversity/introprog-scalalib/blob/master/src/main/scala/introprog/examples/TestBlockGame.scala#L7)\n * \n * @constructor Create a new game.\n * @param title the title of the window\n * @param dim the (width, height) of the window in number of blocks\n * @param blockSize the side of each square block in pixels\n * @param background the color used when clearing pixels\n * @param framesPerSecond the desired update rate in the gameLoop\n * @param messageAreaHeight the height in pixels of the message area\n * @param messageAreaBackground the color of the message area background
* A class representing a square objects with position and side.	A class representing a square object with position and side.
* A map with string representations for special key codes.	A map with string representations for special key codes.
* A module with Swing utilities used by [[introprog.PixelWindow]].	A module with Swing utilities used by [[introprog.PixelWindow]].
* A module with input/output operations from/to the underlying file system.	A module with input/output operations from/to the underlying file system.
* A module with utilities for creating standard GUI dialogs.	A module with utilities for creating standard GUI dialogs.
* A module with utilities for event handling in `PixelWindow` instances.	A module with utilities for event handling in `PixelWindow` instances.
* A mutable register of individual points for bonus calculation	A mutable register of individual points for bonus calculation
* A pair of integers with the coordinates of the last mouse event.\n    *\n    * Returns `(-1, -1)` if no mouse event has occurred.	* A pair of integers with the coordinates of the last mouse event.\n    *\n    * Returns `(-1, -1)` if no mouse event has occurred.
* A reference to an instance of class `PixelWindow`.	A reference to an instance of class `PixelWindow`.
* A simple wrapper of Java.time	A simple wrapper of java.time
* A square placed in origin with size 1	A square placed at the origin with size 1
* A string representation of this Square	A string representation of this Square
* A string representing the last key pressed.\n    *\n    * Returns an empty string if no key event has occurred.	* A string representing the last key pressed.\n    *\n    * Returns an empty string if no key event has occurred.
* A string suitable for displaying to users	* A string suitable for displaying to users
* A string suitable for writing to log files	A string suitable for writing to log files
* A window with a canvas for pixel-based drawing. Y-coordinates are increasing downwards.\n  *\n  * @constructor Create a new window for pixel-based drawing.\n  * @param width the number of horizontal pixels\n  * @param height number of vertical pixels\n  * @param title the title of the window\n  * @param background the color used when clearing pixels\n  * @param foreground the foreground color, default color in drawing operations	* A window with a canvas for pixel-based drawing. Y-coordinates are increasing downwards.\n  *\n  * @constructor Create a new window for pixel-based drawing.\n  * @param width the number of horizontal pixels\n  * @param height number of vertical pixels\n  * @param title the title of the window\n  * @param background the color used when clearing pixels\n  * @param foreground the foreground color, default color in drawing operations
* Add data for one student	* Add data for one student
* An integer representing a key down event.\n    *\n    * This value is returned by [[introprog.PixelWindow.lastEventType]] when\n    * the last event was that a user pressed a key on the keyboard.\n    * You can get a text describing the key by calling [[introprog.PixelWindow.lastKey]]	* An integer representing a key down event.\n    *\n    * This value is returned by [[introprog.PixelWindow.lastEventType]] when\n    * the last event was that a user pressed a key on the keyboard.\n    * You can get a text describing the key by calling [[introprog.PixelWindow.lastKey]]
* An integer representing a key up event.\n   *\n   * This value is returned by [[introprog.PixelWindow.lastEventType]] when\n   * the last event was that a user released a key on the keyboard.\n   * You can get a text describing the key by calling [[introprog.PixelWindow.lastKey]]	* An integer representing a key up event.\n   *\n   * This value is returned by [[introprog.PixelWindow.lastEventType]] when\n   * the last event was that a user released a key on the keyboard.\n   * You can get a text describing the key by calling [[introprog.PixelWindow.lastKey]]
* An integer representing a mouse button down event.\n    *\n    * This value is returned by [[introprog.PixelWindow.lastEventType]] when\n    * the last event was that a user pressed a mouse button.\n    * You can get the mouse position by calling [[introprog.PixelWindow.lastMousePos]]	* An integer representing a mouse button down event.\n    *\n    * This value is returned by [[introprog.PixelWindow.lastEventType]] when\n    * the last event was that a user pressed a mouse button.\n    * You can get the mouse position by calling [[introprog.PixelWindow.lastMousePos]]
* An integer representing a mouse button up event.\n    *\n    * This value is returned by [[introprog.PixelWindow.lastEventType]] when\n    * the last thing that happened was that a user released a mouse button.\n    * You can get the mouse position by calling [[introprog.PixelWindow.lastMousePos]]	* An integer representing a mouse button up event.\n    *\n    * This value is returned by [[introprog.PixelWindow.lastEventType]] when\n    * the last thing that happened was that a user released a mouse button.\n    * You can get the mouse position by calling [[introprog.PixelWindow.lastMousePos]]
* An integer representing that a window close event has happened.\n    *\n    * This value is returned by [[introprog.PixelWindow.lastEventType]] when\n    * the last event was that a user has closed a window.	* An integer representing that a window close event has happened.\n    *\n    * This value is returned by [[introprog.PixelWindow.lastEventType]] when\n    * the last event was that a user has closed a window.
* An integer representing that no event is available.\n      *\n      * This value is returned by [[introprog.PixelWindow.lastEventType]] when\n      * [[introprog.PixelWindow.awaitEvent]] has waited until its timeout\n      * or if [[introprog.PixelWindow.lastEventType]] was called before awaiting any event.	* An integer representing that no event is available.\n      *\n      * This value is returned by [[introprog.PixelWindow.lastEventType]] when\n      * [[introprog.PixelWindow.awaitEvent]] has waited until its timeout\n      * or if [[introprog.PixelWindow.lastEventType]] was called before awaiting any event.
* An object with integers representing events that can happen in a PixelWindow.	An object with integers representing events that can happen in a PixelWindow.
* Called if no time is left in iteration to keep frame rate.\n    * Default action is to print a warning message.	Called if no time is left in iteration to keep frame rate. Default action is to print a warning message.
* Called in each `gameLoop` iteration. Override if you want non-empty action.	Called in each `gameLoop` iteration. Override if you want non-empty action.
* Called when a key is pressed. Override if you want non-empty action.\n    * @param key is a string representation of the pressed key	* Called when a key is pressed. Override if you want non-empty action.\n    * @param key is a string representation of the pressed key
* Called when a key is released. Override if you want non-empty action.\n    * @param key is a string representation of the released key	* Called when a key is released. Override if you want non-empty action.\n    * @param key is a string representation of the released key
* Called when mouse is pressed. Override if you want non-empty action.\n    * @param pos the mouse position in underlying `pixelWindow` coordinates	* Called when mouse is pressed. Override if you want non-empty action.\n    * @param pos the mouse position in underlying `pixelWindow` coordinates
* Called when mouse is released. Override if you want non-empty action.\n    * @param pos the mouse position in underlying `pixelWindow` coordinates	* Called when mouse is released. Override if you want non-empty action.\n    * @param pos the mouse position in underlying `pixelWindow` coordinates
* Called when window is closed. Override if you want non-empty action.	Called when the window is closed. Override if you want a non-empty action.
* Change the square's side to side.	* Change the square's side length.
* Check whether `/proc/version` on this filesystem contains any of the strings in `parts`. \n    * Can be used to detect if we are on WSL instead of "real" linux/ubuntu.	* Check whether `/proc/version` on this filesystem contains any of the strings in `parts`. \n    * Can be used to detect if we are on WSL instead of "real" linux/ubuntu.
* Clear a rectangle in the message area in block coordinates.	Clear a rectangle in the message area in block coordinates.
* Clear all pixels using the `background` class parameter.	* Clear all pixels using the `background` class parameter.
* Clear the pixel at `(x, y)` using the `background` class parameter.\n    *\n    * If (x, y) is outside of window bounds then an IllegalArgumentException is thrown.	* Clear the pixel at `(x, y)` using the `background` class parameter.\n    *\n    * If (x, y) is outside of window bounds then an IllegalArgumentException is thrown.
* Companion object to create Image instances.	* Companion object to create Image instances.
* Constructs a new Square object at (0, 0) with side 1	* Constructs a new Square object at (0, 0) with side length 1
* Converts a string obtained from toLogFormat into a BankEvent object.	* Converts a string obtained from toLogFormat into a BankEvent object.
* Converts a string obtained from toLogFormat into a HistoryEntry object.	* Converts a string obtained from toLogFormat into a HistoryEntry object.
* Copy image and change image type ex. BufferedImage.TYPE_INT_RGB	* Copy image and change image type, e.g., BufferedImage.TYPE_INT_RGB
* Copy image and change image type to ARGB, including alpha channel	* Copy the image and change its type to ARGB, including the alpha channel
* Copy image and change image type to RGB, removing alpha channel	* Copy image and change image type to RGB, removing alpha channel
* Copy image and change image type, e.g., BufferedImage.TYPE_INT_RGB	* Copy image and change image type, e.g., BufferedImage.TYPE_INT_RGB
* Copy image and scale to `(width, height)`.	* Copy image and scale to (width, height).
* Copy subsection of image defined by top left corner `(x, y)` and `(width, height)`.	* Copy subsection of image defined by top-left corner (x, y) and dimensions (width, height).
* Copy subsection of image defined by top-left corner (x, y) and dimensions (width, height).	* Copy a subsection of the image defined by top-left corner (x, y) and dimensions (width, height).
* Copy the image and change its type to ARGB, including the alpha channel	* Copy the image and change its type to ARGB, including the alpha channel
* Counts the number of alive neighbors for the cell at (row, col).	Counts the number of alive neighbors for the cell at (row, col).
* Create Game and start playing.	* Create Game and start playing.
* Create new empty Image with specified dimensions `(width, height)`	* Create a new empty Image with specified dimensions (width, height)
* Create the underlying window and add listeners for event management.	* Create the underlying window and add listeners for event management.
* Creates a Date object based on the date given as parameters.	* Creates a Date object based on the date given as parameters.
* Creates a new Life instance with the next generation of the universe.\n    * This is done by applying the function rule to all cells.	* Creates a new Life instance with the next generation of the universe.\n    * This is done by applying the function rule to all cells.
* Creates a new full Deck with 52 cards in rank and suit order.	* Creates a new full Deck with 52 cards in rank and suit order.
* Creates a universe with dead cells.	* Creates a universe with dead cells.
* Creates a universe with random life.	* Creates a universe with random life.
* Definierar en ny punkt med koordinaterna x,y	* Defines a new point with coordinates x,y
* Displays the available choices, then reads an integer from the user	Displays the available choices, then reads an integer from the user
* Dragging is true while zooming	* Dragging is true while zooming
* Draw `img` at `(x, y)` scaled to `(width, height)` and rotated `(angle)` radians clockwise. \n    *\n    * If angle is 0 then no rotation is applied.	* Draw `img` at `(x, y)` scaled to `(width, height)` and rotated `(angle)` radians clockwise. \n    *\n    * If angle is 0 then no rotation is applied.
* Draw `img` at `(x, y)` unscaled.	* Draw `img` at `(x, y)` without scaling.
* Draw `img` at `(x, y)` without scaling.	* Draw `img` at `(x, y)` without scaling.
* Draw `matrix` at `(x, y)` unscaled.	* Draw `matrix` at `(x, y)` unscaled.
* Draw `text` at `(x, y)` using `color`, `size`, `style and `fontName`.	* Draw `text` at `(x, y)` using `color`, `size`, `style`, and `fontName`.
* Draw `text` at `(x, y)` using `color`, `size`, `style`, and `fontName`.	* Draw `text` at `(x, y)` using `color`, `size`, `style`, and `fontName`.
* Draw a line from (__C0__, __C1__) to (__C2__, __C3__) using __C4__ and __C5__.	* Draw a line from (__C0__, __C1__) to (__C2__, __C3__) using __C4__ and __C5__.
* Draw a square with (`x`, `y`) as top left corner and size `side`.	* Draw a square with (`x`, `y`) as the top-left corner and size `side`.
* Draw squares and start an event loop that prints events in terminal.	* Draw squares and start an event loop that prints events to the terminal.
* Draw squares and start an event loop that prints events to the terminal.	* Draw squares and start an event loop that prints events to the terminal.
* Draw updated blocks and carry out post-update actions if any.	* Draw updated blocks and perform post-update actions if any.
* Draw updated blocks and perform post-update actions if any.	* Draw updated blocks and perform post-update actions if any.
* Erase all blocks to background color.	* Erase all blocks to background color.
* Event dispatching, translating internal AWT events to exposed events.	* Event dispatching, translating internal AWT events to exposed events.
* Example of a simple PixelWindow app with an event loop that inspects key typing\n  * and mouse clicking by the user. See source code for inspiration on how to use\n  * PixelWindow for easy 2D game programming.	* Example of a simple PixelWindow app with an event loop that inspects key typing\n  * and mouse clicking by the user. See source code for inspiration on how to use\n  * PixelWindow for easy 2D game programming.
* Example of serializing objects to and from binary files on disk.	* Example of serializing objects to and from binary files on disk.
* Examples of a simple BlockGame app with overridden callbacks to handle events\n  * See the documentation of BlockGame and the source code of TestBlockGame\n  * for inspiration on how to inherit BlockGame to create your own block game.	* Examples of a simple BlockGame app with overridden callbacks to handle events\n  * See the documentation of BlockGame and the source code of TestBlockGame\n  * for inspiration on how to inherit BlockGame to create your own block game.
* Execute `action` in the Swing thread with graphics context as param.	* Execute `action` in the Swing thread with graphics context as param.
* Execute `action` in the Swing thread with raw image as param.	* Execute `action` in the Swing thread with raw image as param.
* Extract and return image pixels.	* Extract and return image pixels.
* Fill a rectangle with upper left corner at `(x, y)` using `color`.	* Fill a rectangle with upper left corner at `(x, y)` using `color`.
* Filters out JPEG files in the file chooser dialog.	* Filters out JPEG files in the file chooser dialog.
* Find a look and feel with a name including `partOfName`.	* Find a look and feel with a name including `partOfName`.
* Find out the side of the square.	* Find out the length of the side of the square.
* Find out the square's area.	* Find out the square's area.
* Find the x-coordinate for the position of the square.	* Find the x-coordinate for the position of the square.
* Find the y-coordinate for the position of the square.	* Find the y-coordinate for the position of the square.
* Flyttar bilden relativt nuvarande position i nuvarande riktning.	* Moves the image relatively to its current position in the current direction.
* Flyttar bilden till angiven punkt (x, y).	* Moves the image to the specified point (x, y).
* Flyttar kvadraten avståndet dx i x-led, dy i y-led.	* Moves the square's position by dx in the x-direction, dy in the y-direction.
* Flyttar mittpunkten av bilden till positionen (x, y).	* Moves the center of the image to position (x, y).
* Flyttar polygonen avståndet dx i x-led, dy i y-led	* Moves the polygon dx units in the x-direction, dy units in the y-direction
* Flyttar punkten avståndet dx i x-led, \n	    dy i y-led\t* Moves the point by distance dx in the x-direction, \n\t  dy in the y-direction
* Flyttar punkten avståndet dx i x-led, \n\t    dy i y-led	Moves the point a distance dx in the x-direction, dy in the y-direction
* Ger nästa position enligt riktningen dir utan att uppdatera pos	* Gives the next position according to the direction dir without updating pos
* Ger true om bilden är synlig.	* Returns true if the image is visible.
* Ger true om cellen på plats (row, col) är vid liv annars false.\n    * Ger false om indexeringen är utanför universums gränser.	* Returns true if the cell at position (row, col) is alive, otherwise false.\n    * Returns false if the indexing is outside the universe's boundaries.
* Get color of pixel at (x, y).	* Get color of pixel at (x, y).
* Get color of pixel at `(x, y)`.	* Get color of pixel at (x, y).
* Gives the next position according to the direction dir without updating pos	* Gives the next position according to the direction dir without updating pos
* Handles image saving.	* Handles image saving.
* Hide the window. Has no effect if the window is already hidden.	* Hide the window. Has no effect if the window is already hidden.
* Idle waiting for `millis` milliseconds.	Idle waiting for `millis` milliseconds.
* If keyControl.has(key), then update the direction dir according to keyControl	* If keyControl.has(key), then update the direction dir according to keyControl
* Image processing.	* Image processing.
* Image represents pixel arrays backed by underlying java.awt.image.BufferedImage	* Image represents pixel arrays backed by underlying java.awt.image.BufferedImage
* Image represents pixel arrays backed by underlying java.awtimage.BufferedImage	* Image represents pixel arrays backed by underlying java.awt.image.BufferedImage
* Immediately exit running application, close all windows, kill all threads.	* Immediately exit running application, close all windows, kill all threads.
* Immediately exit running application, close all windows, kills all threads.	* Immediately exit running application, close all windows, kill all threads.
* Implement this with a call that starts with specific players and entities.	* Implement this with a call that starts with specific players and entities.
* Implement this with a call to start with specific players and entities.	* Implement this with a call that starts with specific players and entities.
* Implement this with logic for when to end the game	* Implement this with logic for when to end the game
* Implementerar reglerna enligt Conways Game of Life.	* Implements the rules according to Conway's Game of Life.
* Implements the rules according to Conway's Game of Life.	* Implements the rules according to Conway's Game of Life.
* Init the Swing GUI toolkit and set platform-specific look and feel.	* Initialize the Swing GUI toolkit and set the platform-specific look and feel.
* Initialize the Swing GUI toolkit and set the platform-specific look and feel.	* Initialize the Swing GUI toolkit and set the platform-specific look and feel.
* Internal buffer for post-update actions.	* Internal buffer for post-update actions.
* Internal buffer with block colors.	* Internal buffer with block colors.
* Internal buffer with update flags.	* Internal buffer with update flags.
* Lägger in en ny punkt med koordinaterna x,y\n        på plats pos. Efterföljande element flyttas	* Adds a new point with coordinates x,y at position pos. Subsequent elements are shifted
* Max time for awaiting events from underlying window in ms.	* Maximum time for awaiting events from underlying window in ms.
* Maximum time for awaiting events from underlying window in ms.	* Maximum time for awaiting events from underlying window in ms.
* Moves the image relatively to its current position in the current direction.	Moves the image relatively to its current position in the current direction.
* Moves the square's position by dx in the x-direction, dy in the y-direction.	Moves the square's position by dx in the x-direction, dy in the y-direction.
* Multiplies the side with factor and rounded to nearest integer	* Multiplies the side by the factor and rounds to the nearest integer
* Om keyControl.has(key) så uppdateras riktningen dir enligt keyControl	* If keyControl.has(key), then update the direction dir according to keyControl
* Override this if you want to add game-logic in gameLoopAction\n   *  Call super.onIteration() if you want to keep the step counter.	* Override this if you want to add game-logic in gameLoopAction\n   *  Call super.onIteration() if you want to keep the step counter.
* Overshadows how the image is drawn.	* Obscures how the image is drawn.
* Paint a block in color `c` at (`x`, `y`) in block coordinates.	* Paint a block in color `c` at (`x`, `y`) in block coordinates.
* Paint a block in color `c` at (`x`,`y`) in block coordinates.	* Paint a block in color `c` at (`x`, `y`) in block coordinates.
* Prints n unique random integers within [min, max] in random order	* Prints n unique random integers within [min, max] in random order
* Prints scores achieved by a specific player in descending order	* Prints scores achieved by a specific player in descending order
* Prints scores in descending order	* Prints scores in descending order
* Prints the available choices, then reads an integer from the user	* Displays the available choices, then reads an integer from the user
* Program example.	* Program example.
* Raderar bilden av kvadraten i fönstret w.	* Removes the image of the square from window w.
* Radseparerad text där 0 är levande cell och - är död cell.	* Text separated by rows where 0 is a live cell and - is a dead cell.
* Randomly reorders the cards in this deck.	* Randomly shuffles the cards in this deck.
* Randomly shuffles the cards in this deck.	* Randomly shuffles the cards in this deck.
* Reads a string from the user	* Reads a string from the user
* Return `true` if `(x, y)` is inside window's borders else `false`.	* Return `true` if `(x, y)` is inside the window's borders else `false`.
* Return `true` if `(x, y)` is inside windows borders else `false`.	* Return `true` if `(x, y)` is inside window's borders else `false`.
* Return a sequence of available look and feel options.	* Return a sequence of available look and feel options.
* Return image of PixelWindow section defined by top left corner `(x, y)` and `(width, height)`.	* Return image of PixelWindow section defined by top left corner (x, y) and dimensions (width, height).
* Return image of PixelWindow.	* Return image of PixelWindow.
* Return the color of the pixel at `(x, y)`.\n    *\n    * If (x, y) is outside of window bounds then an IllegalArgumentException is thrown.	* Return the color of the pixel at `(x, y)`.\n    *\n    * If (x, y) is outside of window bounds then an IllegalArgumentException is thrown.
* Returnerar x-positionen av mitten på bilden.	* Returns the x-coordinate of the center of the image.
* Returnerar y-positionen av bilden.	* Returns the y-position of the image.
* Returnerar y-positionen av mitten på bilden.	* Returns the y-position of the center of the image.
* Returns a descriptive text for each `event`.	* Returns a descriptive text for each `event`.
* Returns the average bonus calculated from a sequence of integers	* Returns the average bonus calculated from a sequence of integers
* Returns the extension of the specified file\n	\t * \n\t\t * @param f The file.\n\t\t * \n\t\t * @return The extension, or null if none.\t* Returns the extension of the specified file\n\t\t * \n\t\t * @param f The file.\n\t\t * \n\t\t * @return The extension, or null if none.
* Returns the game loop delay in ms implied by `framesPerSecond`.	* Returns the game loop delay in ms implied by `framesPerSecond`.
* Returns the gameLoop delay in ms implied by `framesPerSecond`.	* Returns the game loop delay in ms implied by `framesPerSecond`.
* Returns the total number of moves that have been made	Returns the total number of moves that have been made
* Returns the x-coordinate of the center of the image.	Returns the x-coordinate of the center of the image.
* Returns the y-position of the center of the image.	Returns the y-coordinate of the center of the image.
* Returns the y-position of the image.	Returns the y-coordinate of the image.
* Returns true if the cell at position (row, col) is alive, otherwise false.\n    * Returns false if the indexing is outside the universe's boundaries.	* Returns true if the cell at position (row, col) is alive, otherwise false.\n    * Returns false if the indexing is outside the universe's boundaries.
* Returns true if the image is visible.	Returns true if the image is visible.
* Ritar kvadraten i fönstret w.	* Draws the square in window w.
* Ritar polygonen i fönstret w	* Draws the polygon in window w
* Run `callback` asynchronously in the Swing thread.	* Run `callback` asynchronously in the Swing thread.
* Run `callback` in the Swing thread and block until completion.	* Run `callback` in the Swing thread and block until completion.
* Räknar antalet levande grannar till cellen i (row, col).	* Counts the number of alive neighbors for the cell at (row, col).
* Set color of pixel at `(x, y)`.	* Set the color of pixel at (x, y).
* Set color of pixels by passing `f(x, y)`	* Set pixel color by passing `f(x, y)`
* Set color of pixels by passing `f(x, y)` and return self.	Set the color of pixels by passing `f(x, y)` and return self.
* Set the PixelWindow frame title.	Set the PixelWindow frame title.
* Set the color of pixel at (x, y).	* Set the color of pixel at (x, y).
* Set the color of the pixel at `(x, y)`.\n    *\n    * If (x, y) is outside of window bounds then an IllegalArgumentException is thrown.	* Set the color of the pixel at `(x, y)`.\n    *\n    * If (x, y) is outside of window bounds then an IllegalArgumentException is thrown.
* Set window position on screen	* Set window position on screen
* Show a `message` asking for input with `init` value. Return user input.\n    *\n    * Returns empty string on Cancel.	* Show a `message` asking for input with `init` value. Return user input.\n    *\n    * Returns empty string on Cancel.
* Show a color selection dialog and return the color that the user selected.	Show a color selection dialog and return the color that the user selected.
* Show a confirmation dialog with `question` and OK and Cancel buttons.	Show a confirmation dialog with `question` and OK and Cancel buttons.
* Show a dialog with a `message` text.	Show a dialog with a `message` text.
* Show a selection dialog with `buttons`. Return a string with the chosen button text.	* Show a selection dialog with `buttons`. Return a string with the chosen button text.
* Show the window. Has no effect if the window is already visible.	* Show the window. Has no effect if the window is already visible.
* Shows or hides the image, depending on the parameter's value.	* Displays or hides the image, depending on the parameter's value.
* Skapa ny FreqMapBuilder och räkna strängarna i xs	Create a new FreqMapBuilder and count the strings in xs
* Skapar en kvadrat med övre, vänstra hörnet i x,y  \n	    och med sidlängden side.\t* Creates a square with the upper-left corner at x,y and with side length side.
* Skapar en ny Life-instans med nästa generation av universum.\n    * Detta sker genom att applicera funktionen rule på alla celler.	* Creates a new Life instance with the next generation of the universe.\n    * This is done by applying the function rule to all cells.
* Skapar en polygon	* Creates a polygon
* Skapar en punkt med koordinaterna x, y	* Creates a point with coordinates x, y
* Skapar ett universum med döda celler.	* Creates a universe with dead cells.
* Skapar ett universum med slumpmässigt liv.	* Creates a universe with random life.
* Swaps cards at position __C0__ and __C1__.	* Swaps cards at position __C0__ and __C1__.
* Sätter status på cellen på plats (row, col) till value.	* Sets the status of the cell at position (row, col) to value.
* Tar bort punkten på plats pos. Efterföljande\n        element flyttas	* Removes the point at position pos. Subsequent elements are shifted.
* Tar reda på kvadratens area.	* Find out the square's area.
* Tar reda på kvadratens sida.	* Find out the side of the square.
* Tar reda på x-koordinaten	* Find out the x-coordinate
* Tar reda på x-koordinaten för kvadratens läge.	* Find the x-coordinate for the position of the square.
* Tar reda på y-koordinaten	* Find the y-coordinate
* Tar reda på y-koordinaten för kvadratens läge.	* Find the y-coordinate for the position of the square.
* Test if alpha channel is supperted.	Test if the alpha channel is supported.
* Test if the current operating system name includes `partOfName`.	Test if the current operating system name includes `partOfName`.
* Tests if this Square has equal size as that Square	Tests if this Square has the same size as that Square
* Text separated by rows where 0 is a live cell and - is a dead cell.	* Text separated by rows where 0 is a live cell and - is a dead cell.
* The area of this Square	The area of this Square
* The color used by `square`.	The color used by `square`.
* The event type of the latest event in the event queue.\n    *\n    * Returns Event.Undefined if no event has occurred. See also [[introprog.PixelWindow.awaitEvent]]	* The event type of the latest event in the event queue.\n    *\n    * Returns Event.Undefined if no event has occurred. See also [[introprog.PixelWindow.awaitEvent]]
* The game loop that continues while not `stopWhen` is true.\n    * It draws only updated blocks aiming at the desired frame rate.\n    * It calls each `onXXX` method if a corresponding event is detected.\n    * Use the call-by-name `stopWhen` to pass a condition that ends the loop if false.\n    * See example usage in `introprog.examples.TestBlockGame`.	* The game loop that continues while not `stopWhen` is true.\n    * It draws only updated blocks aiming at the desired frame rate.\n    * It calls each `onXXX` method if a corresponding event is detected.\n    * Use the call-by-name `stopWhen` to pass a condition that ends the loop if false.\n    * See example usage in `introprog.examples.TestBlockGame`.
* The height of this image.	The height of this image.
* The underlying window used for drawing blocks and messages.	The underlying window used for drawing blocks and messages.
* The width of this image.	The width of this image.
* Toggles the status of the cell at position (row, col).	* Toggles the status of the cell at position (row, col).
* Updating pos to become nextPos	* Updating pos to become nextPos
* Updating to the opposite direction.	* Updating in the opposite direction.
* Uppdaterar dir till motsatta riktningen.	* Updating to the opposite direction.
* Uppdaterar pos så att den blir nextPos	* Updating pos to become nextPos
* Use to erase old points, e.g updated score	* Use to erase old points, e.g., updated score
* Use to erase old points, e.g., updated score	* Use to erase old points, e.g., updated score
* Used with the different ranges and eraseBlocks	Used with the different ranges and eraseBlocks
* Visar eller gömmer bilden, beroende på parameterns värde.	* Shows or hides the image, depending on the parameter's value.
* Växlar status på cellen på plats (row, col).	* Toggles the status of the cell at position (row, col).
* Wait for next event until `timeoutInMillis` milliseconds.\n    *\n    * If time is out, `lastEventType` is `Undefined`.	* Wait for next event until `timeoutInMillis` milliseconds.\n    *\n    * If time is out, `lastEventType` is `Undefined`.
* Waits for a mouse click.	Waits for a mouse click.
* Write `msg` in `color` in the message area at ('x','y') in block coordinates.	Write `msg` in `color` in the message area at ('x', 'y') in block coordinates.
* Write `msg` in `color` in the middle of the window.\n    * The drawing is postponed until the end of the current game loop\n    * iteration and thus the text drawn on top of any updated blocks.	* Write `msg` in `color` in the middle of the window.\n    * The drawing is postponed until the end of the current game loop\n    * iteration and thus the text drawn on top of any updated blocks.
* x-coordinate for the figure's position.	* x-coordinate for the figure's position.
* x-koordinat för figurens läge.	* x-coordinate for the figure's position.
* y-coordinate for the figure's position.	y-coordinate for the figure's position.
* y-koordinat för figurens läge.	* y-coordinate for the figure's position.
* Ändra kvadratens sida till side.	* Change the square's side to side.
* Överskuggar hur bilden ritas.	* Overshadows how the image is drawn.
- current y	- current y
- line color	line color
- line width	line width
---- Build a chart; logScale toggles log axes ----	Build a chart; logScale toggles log axes ----
---- The faked data  ----	The fake data
------- Exit Behavior ---------	Exit Behavior -------
-------- Delay --------	Delay --------
-------- Event handlers --------	Event Handlers --------
-------- Event handling --------	Event Handling
-------- Mouse-Related Operations --------	Mouse-Related Operations
-------- Public window operations --------	Public Window Operations
-------- drawing operations --------	-------- drawing operations --------
-------- mouse-related operations --------	-------- Mouse-Related Operations --------
<!DOCTYPE html>\n       |<html>\n       |<head><meta charset="UTF-8"><title>Min Sörver</title></head> \n       |<body>\n       |$body\n       |</body>\n       |</html>	<!DOCTYPE html>\n       |<html>\n       |<head><meta charset="UTF-8"><title>My Server</title></head> \n       |<body>\n       |$body\n       |</body>\n       |</html>
<!DOCTYPE html>\n       |<html><head><meta charset="UTF-8"><title>Min Sörver</title></head> \n       |<body>\n       |$body\n       |</body>\n       |</html>	<!DOCTYPE html>\n       |<html><head><meta charset="UTF-8"><title>My Server</title></head> \n       |<body>\n       |$body\n       |</body>\n       |</html>
> console	console
> project plan	project plan
> using dep "net.kogics:kojo-lib:0.3.1,url=https://github.com/litan/kojo-lib/releases/download/v0.3.1/kojo-lib-assembly-0.3.1.jar"	> using dep "net.kogics:kojo-lib:0.3.1,url=https://github.com/litan/kojo-lib/releases/download/v0.3.1/kojo-lib-assembly-0.3.1.jar"
> using dep org.knowm.xchart:xchart:4.0.0	> using dep org.knowm.xchart:xchart:4.0.0
> using dep se.lth.cs::introprog::1.4.0	> using dep se.lth.cs::introprog::1.4.0
> using option -unchecked -deprecation -Wunused:all -Wvalue-discard -Wsafe-init	> using options -unchecked -deprecation -Wunused:all -Wvalue-discard -Wsafe-init
> using scala 3.5	using scala 3.5
> using scala 3.8.3	> using scala 3.8.3
A Swing `JPanel` to create drawing windows for 2D graphics.	A Swing `JPanel` to create drawing windows for 2D graphics.
A class extending `introprog.BlockGame`, see source code.	A class extending `introprog.BlockGame`, see source code.
A map with string representations for special key codes.	A map with string representations for special key codes.
A module with Swing utilities used by [[introprog.PixelWindow]].	A module with Swing utilities used by [[introprog.PixelWindow]].
A module with input/output operations from/to the underlying file system.	A module with input/output operations from/to the underlying file system.
A module with utilities for creating standard GUI dialogs.	A module with utilities for creating standard GUI dialogs.
A module with utilities for event handling in `PixelWindow` instances.	A module with utilities for event handling in `PixelWindow` instances.
A reference to an instance of class `PixelWindow`.	A reference to an instance of class `PixelWindow`.
A simple wrapper of java.time	A simple wrapper of java.time
ALLA STÅR UPP!	EVERYONE STANDS UP!
ALLA STÅR UPP!\\nTryck ENTER!	EVERYONE STAND UP!\\nPress ENTER!
An object with integers representing events that can happen in a PixelWindow.	An object with integers representing events that can occur in a PixelWindow.
Anropa konstruktor i konstruktor.	Call the constructor in the constructor.
Antal felgissningar:	Number of mispredictions:
Antal felgissningar: $badGuesses	Number of incorrect guesses: $badGuesses
Antal skördade grönsaker:	Number of harvested vegetables:
Antal ätvärda grönsaker:	Number of edible greens:
Attributen brukar vara privata även i föränngsbara	Attributes are usually private even in inheritable classes
Attributen måste vara privata eftersom	Attributes must be private because
BAKLÄNGES:	BACKWARDS:
Baklänges:	Backwards:
Binärt:	Binary:
Björn	Bjorn
Build a chart; logScale toggles log axes ----	Build a chart; logScale toggles log axes ----
C0 blue	C0 blue
C1 orange	C1 orange
C2 green	C2 green
C3 red	C3 red
C4 purple	C4 purple
C5 brown	C5 brown
Called if no time is left in iteration to keep frame rate. Default action is to print a warning message.	Called if no time is left in iteration to maintain frame rate. Default action is to print a warning message.
Called in each `gameLoop` iteration. Override if you want non-empty action.	Called in each `gameLoop` iteration. Override if you want non-empty action.
Called when the window is closed. Override if you want a non-empty action.	Called when the window is closed. Override if you want a non-empty action.
Change this line if you want to accept lists other than `b`.	Change this line if you want to accept lists other than `b`.
Clear a rectangle in the message area in block coordinates.	Clear a rectangle in the message area in block coordinates.
Coordinate plane initial dimensions	Initial coordinate plane dimensions
Coordinate plane initial sizes	Coordinate plane initial dimensions
Default canvas width	Default canvas width
Delay --------	Delay --------
DiceReg.java	DiceReg.java
DiceReg2.java	DiceReg2.java
DiceScanBuggy.java	DiceScanBuggy.java
Din favoritgrönsak:	Your favorite vegetable:
Dina heltal i omvänd ordning:	Your integers in reverse order:
Dividerar ändå med säker default!	Divides with safe default!
Du blev uppäten av lejonet och dog...	You were devoured by the lion and died...
Du klarade det!	You did it!
Du är nu DÖÖÖÖÖÖD! Tack och hej :(	You are now DEAD! Thanks and bye :(
Dummy file for Unix lab.	Dummy file for Unix lab.
Eller utan en ny n som ovan, utan använder här samma i:	Or without a new n as above, but using the same i here:
En Java-orienterad Scala-implementation av extentalösningen 2016-08-24	A Java-oriented Scala implementation of external-solution 2016-08-24
En Java-orienterad Scala-specifikation av extentalösningen 2016-08-24	A Java-oriented Scala specification of external-solution 2016-08-24
En förenklad Scala-specifikation av extentaproblemet 2016-08-24 utan WorkPeriodList	A simplified Scala specification of the extent problem 2016-08-24 without WorkPeriodList
En förenklad Scala-variant av extentaproblemet 2016-08-24 utan WorkPeriodList	A simplified Scala version of extentaproblem 2016-08-24 without WorkPeriodList
En lite mer "Scala-idiomatisk" specifikation av extentaproblemet 2016-08-24	En lite mer "Scala-idiomatisk" specifikation av extentaproblemet 2016-08-24
En lite mer Scala-idiomatisk version av extentaproblemet 2016-08-24	A slightly more Scala-idomatic version of extent problem 2016-08-24
Erase the block at (__C0__,__C1__) to background color.	Erase the block at (__C0__,__C1__) to background color.
Error: $uri </br> use /fib/heltal	Error: $uri </br> use /fib/heltal
Event Handlers --------	Event Handlers --------
Event Handling	Event Handling
Exit Behavior -------	Exit Behavior -------
FEL! Den dörren finns inte. Men försöka duger.	ERROR! That door does not exist. But trying is okay.
FEL: skriv ett heltal, inte $num	ERROR: write an integer, not $num
FUNKAR INTE!!!	DOES NOT WORK!!!
GRATTIS DU FICK $points POÄNG!	GRATULATIONS YOU EarnED $points POINTS!
General MIDI defines instruments using numbers.	General MIDI defines instruments using numbers.
Gissa ett tecken:	Guess a character:
Hej Scala-app!	Hello Scala app!
Hejdå!	Hello!
Heltal annars pang:	Integer otherwise bang:
Heltal:	Integers:
Hängd! :(	Hung! :(<-C0>
I Java brukar man ha get i namnet på getter.	In Java, one typically includes get in the name of a getter.
I Java brukar man ha set i namnet på setter.	In Java, one usually has set in the name of setters.
I stället för default-argument.	Instead of default argument.
Idle waiting for `millis` milliseconds.	Idle waiting for `millis` milliseconds.
Jag tycker att	I like that
Jag tycker att $meThink	I think that $meThink
Javametodnamn får ej ha operatortecken t.ex. +, därav namnet add	Java method names may not contain operator symbols such as +, hence the name add
Klicka i fönstret!	Click in the window!
Klickade i stängrutan!	Clicked on the closed captioning!
Konstruktor heter som klassen.	Constructor is named after the class.
LEDIGA före allokering:	FREE before allocation:
Loopa över alla tecken:	Loop over all characters:
Loopa över index baklänges:	Loop over indices backwards:
Loopa över index framlänges:	Loop over indices forward:
Läge (x,y): (	State (x,y): (
Math med stort M i Java	Math with a capital M in Java
MergeSort	MergeSort
Metoder måste ha parenteser, även getters.	Methods must have parentheses, even getters.
Metoder som ej är procedurer måste ha return.	Methods that are not procedures must have a return.
Min Sörver	My Server
Mitt (x,y): (	My (x,y): (
Motsv. default-argument.	Default argument.
Nyckelordet void liknar Unit i Scala, men	The keyword void resembles Unit in Scala, but
OBS! EJ length()	NOTE! NOT length()
Om namn ej krockar behövs inte this, men	If name does not collide, then this is not needed, but
Ovan görs hellre med match	Above is done with match
Path: code/scala/HelloWorld.scala	Path: code/scala/HelloWorld.scala
Path: code/scala/TextCounter.scala	Path: code/scala/TextCounter.scala
Path: projects/alpha/src/Main.scala	Path: projects/alpha/src/Main.scala
Path: projects/alpha/src/utils/FileUtils.scala	Path: projects/alpha/src/utils/FileUtils.scala
Path: projects/alpha/src/utils/StringUtils.scala	Path: projects/alpha/src/utils/StringUtils.scala
Path: projects/beta/src/Main.scala	Path: projects/beta/src/Main.scala
Pitch	Introduction
Plocka skräp	Pick up trash
Point har ingen equals...	Point has no equals...
Polär form:	Polar form:
Problem med hasVertex()!!	Problem with hasVertex()!!
Public Window Operations	Public Window Operations
QuickSort	QuickSort
Raderade konto $account	Deleted account $account
Rätt svar:	Correct answer:
SITT NER om ditt förnamn börjar på: $chars	Sit down if your first name starts with: $chars
SKRIV ETT TAL	WRITE A NUMBER
Satser måste sluta med ;	Statements must end with ;
Satte in $amount kr i konto $account	Deposited $amount kr into account $account
Set the PixelWindow frame title.	Set the PixelWindow frame title.
Set the color of pixels by passing `f(x, y)` and return self.	Set the color of pixels by passing f(x, y) and return self.
Show a color selection dialog and return the color that the user selected.	Show a color selection dialog and return the color that the user selected.
Show a confirmation dialog with `question` and OK and Cancel buttons.	Show a confirmation dialog with `question` and OK and Cancel buttons.
Show a dialog with a `message` text.	Show a dialog with a `message` text.
Show a file choice dialog starting in __C0__ with confirm button text __C1__.	Show a file choice dialog starting in __C0__ with confirm button text __C1__.
Skapade ett konto tillhörandes $name, id $id	Created a membership account for $name, ID $id
Skriv grönsak:	Write vegetable:
Skriv heltal med blank emellan. Avsluta med <CTRL+D>	Write integers with a space between them. End with <CTRL+D>
Skriv q<enter> för quit.	Write q<enter> for quit.
Skriv w<enter> många gånger för att öppna nya fönster.	Write w<enter> multiple times to open new windows.
Skållas.	Cheers.
StringBuilder is mutable	StringBuilder is mutable
Städa toaletter	Clean restrooms
Summan av de $n första talen är: $summa	The sum of the first $n numbers is: $summa
Surfa till servern på http://localhost:8080/akrug	Surf to the server at http://localhost:8080/akrug
Synlighet public måste anges explicit.	Visibility of public must be explicitly stated.
TODO	TODO
TODO: count points when e.g. eating apple	TODO: count points when, for example, eating an apple
TODO: count points when, for example, eating an apple	TODO: count points when, for example, eating an apple
TODO: read from file	TODO: read from file
TODO; use PixelWindow to implement GUI	TODO; use PixelWindow to implement GUI
TODO; use PixelWindow to implement gui	TODO; use PixelWindow to implement GUI
Test if the alpha channel is supported.	Test if the alpha channel is supported.
The color used by `square`.	The color used by `square`.
The drawing area	The drawing area
The fake data	The fake data
The height of this image.	The height of this image.
The underlying window used for drawing blocks and messages.	The underlying window used for drawing blocks and messages.
The width of this image.	The width of this image.
They're often indexed from 1, but javax.sound.midi indexes them from 0.	They are often indexed from 1, but javax.sound.midi indexes them from 0.
This is Java-like, non-idiomatic Scala code!	This is Java-like, non-idiomatic Scala code!
Tog ut $amount kr från konto $account	Drew out $amount kr from account $account
Tonhöjd	Pitch
TryCatch.java	TryCatch.scala
Typen skrivs före namnet i deklarationer.	The type is written before the name in declarations.
Undantag fångat:	Exception catching:
Used with the different ranges and eraseBlocks	Used with different ranges and eraseBlocks
WRONG PARAM ORDER! Autoboxing in action.	WRONG PARAM ORDER! Autoboxing in action.
WSL	Windows Subsystem for Linux
Windows Subsystem for Linux	Windows Subsystem for Linux
Write `msg` in `color` in the message area at ('x', 'y') in block coordinates.	Write `msg` in `color` in the message area at ('x', 'y') in block coordinates.
a @main function	an @main function
a queue for events	a queue for events
a type alias to make the code more concise	a type alias to make the code more concise
above methods implemented using the powerful Scala collection method patch:	above methods implemented using the powerful Scala collection method `patch`:
abstrakt	abstract
abstrakt medlem, saknar implementation	abstract member, lacks implementation
actions if eating fruit or being eaten by monsters	actions if eating fruit or being eaten by monsters
add compression details	add compression details
add more useful constants here, like colors etc.	add more useful constants here, like colors etc.
allocates new String for each append	allocates a new String for each append
always draw normal even if released outside	always draw normally even if released outside
always draw normally even if released outside	always draw normally even if released outside
anonym klass	anonymous class
anonym klass med inmixad trait	anonymous class with mixed-in trait
antal argument	number of arguments
antalet hörnpunkter	number of vertices
använd FreqMapBuilder	use FreqMapBuilder
använd sliding	use sliding
append ***mutates*** the instance in place	append ***mutates*** the instance in place
arv av klass med parameter utan inmixning	inheritance of a class with a parameter without mixin
assign different instruments to channels	assign different instruments to channels
assign some different instruments to channels	assign different instruments to channels
att man slipper hitta på nytt namn.	that one doesn't have to come up with new names.
attributnamn i setters trots skuggning så	attribute name in setters despite shadowing so
block until event	block until event
blocks thread until connect	waits for a connection block
bra vid println-debugging	good for println debugging
broccoli är gott!	broccoli is good!
byt plats mellan xs[i] och xs[minIndex]	swap the positions of xs[i] and xs[minIndex]
check if heads collide	check if heads collide
check if p is in the body	check if p is in the body
controls exit window behavior	controls exit window behavior
convert to immutable String and return	convert to an immutable String and return
coordinates for x- and y-	coordinates for x- and y-
cows and ev. apples, bananas etc	cows and ev. apples, bananas, etc
create writer	create writer
dashed light gray gridlines	dashed light-gray gridlines
de-serialize back from disk:	deserialize back from disk:
decide on entry point for maze	decide on entry point for maze
degrees, initial direction upwards	degrees, initial direction upward
dela upp source i ord	split source into words
deserialize back from disk:	deserialize back from disk:
det finns inget äkta tomt värde som ()	there is no actual empty value like ()
det som är speciellt för gurkor	what is special for giraffes
det som är speciellt för tomater	what is special about tomatoes
direct access to names of members in companion	direct access to members' names in companion
direkt tillgång till namn på medlemmar i kompanjon	direct access to names of members in companion
dra slump-pos tills ledig plats, används av frukt, monster	draw random pos until empty spot, used by fruit, monsters
draw in another window using drawMatrix	draw in another window using drawMatrix
draw in other window using drawMatrix	draw in another window using drawMatrix
draw new flag from file	draw new flag from file
draw random pos until empty spot, used by fruit, monsters	draw random position until empty spot, used by fruit, monsters
draw small flag	draw small flag
draw text top right	draw text top right
ej bruklig formattering i Java, så metoder blir minst 3 rader	no useful formatting in Java, so methods will be at least 3 lines
eller kortare med samma resultat: (lättare eller svårare att läsa?)	or shorter with the same result? (easier or harder to read?)
en "getter" som ger attributvärdet, hindrar förändring av re	a "getter" that returns the attribute value, prevents changing of re
en @main-funktion	a @main function
en final medlem kan ej överskuggas	a final member cannot be overshadowed
enables restart even if the window is closed...	enables restart even if the window is closed...
entry coordinates	entry coordinates
erase all blocks	erase all blocks
etc	etc
examples of different visibility (discussing the choice of visibility based on usage)	examples of different visibility (discussing the choice of visibility based on usage)
exempel på olika synlighet (diskutera val av synlighet utifrån användning)	examples of different visibility (discussing the choice of visibility based on usage)
exercise: change pos to fromPos, replaced	exercise: change pos to fromPos, replaced
exercise: change pt to varargs pts	exercise: change pt to varargs... pts
extract and save Image	extract and save Image
f.getName	f.getName
filter's name	filter's name
filtrets namn	filter's name
first time calls setPlatformSpecificLookAndFeel	first time calls setPlatformSpecificLookAndFeel
flytta om tiden har gått millisBetweenMoves	move if time has passed millisBetweenMoves
followFreq.map((k, v) => k -> v.maxBy(_._2)._1)	followFreq.map((k, v) => k -> v.maxBy(_._2)._1)
fonts	fonts
for a blank border around the maze	for a blank border around the maze
for convenience but not really necessary (why?)	for convenience but not really necessary (why?)
for convenience but not strictly necessary (why?)	for convenience but not strictly necessary (why?)
for file extension choice see:	for file extension choice see:
from JPEGImageWriteParam instance	from JPEGImageWriteParam instance
ger KOMPILERINGSFEL: "cannot override final member"	ger KOMPILERINGSFEL: "cannot override final member"
get platform-specific look and feel	get platform-specific look and feel
good for println debugging	good for println debugging
grader, inital rikting uppåt	degrees, initial direction upwards
grow and shrink according to rules	grow and shrink according to rules
grow in the right direction with extra tail position	grow in the right direction with an extra tail position
gurka är gott!	cucumber is good!
går det att göra p.program?	is it possible to do p.program?
height	height
hej	hello
helper method for constructor	helper method for constructor
helper method: check if a step from the given point leads to a wall	helper method: check if a step from the given point leads to a wall
how hard impact in Range(0, 128)	how hard impact in Range(0, 128)
how long in milliseconds	how long in milliseconds
http://localhost:${server.getLocalPort}/hej	http://localhost:${server.getLocalPort}/hej
https://docs.oracle.com/javase/tutorial/2d/text/renderinghints.html	https://docs.oracle.com/javase/tutorial/2d/text/renderinghints.html
https://stackoverflow.com/questions/10433214/file-extension-for-a-serialized-object	https://stackoverflow.com/questions/10433214/file-extension-for-a-serialized-object
hur hårt anslag i Range(0, 128)	how hard impact in Range(0, 128)
hur länge i millisekunder	how long in milliseconds
if key is in keyMap then update snake.dir	if key is in keyMap then update snake.dir
image data (only for drawing)	image data (only for drawing)
image where all drawing takes place	image where all drawing takes place
implementation av draw	implementation of draw
implementation specifik för Gurka	implementation specific for C0
implementation specifik för Tomat	implementation specific for Tomato
import krävs ej på tentan	import is not required for the exam
import names from companion	import names from companion
importera namn från kompanjon	import names from companion
in repo root:	in repository root:
index för minsta element i unsorted:	index for smallest element in unsorted:
initialiseras i konstruktorn nedan	initialized in the constructor below
initialize listeners, show frame, etc.	initialize listeners, show frame, etc.
initialized with null	initialized with null
inmixning	mixin
innehåller gemensamma delar; hjälper oss undvika upprepning	contains common parts; helps us avoid repetition
isRoyalFlush    then Category.RoyalFlush\n    else if	isRoyalFlush    then Category.RoyalFlush\n    else if
key event handler	key event handler
key event parameter	key event parameter
key press event type	key press event type
key pressed event type	key press event type
klasser eftersom enhetlig access och syntax för	classes because of uniform access and syntax for
kod till facit	code to solution
kolla om huvudena krockar	check if heads collide
kolla om p finns i kroppen	check if p is in the body
konkret	concrete
konkret medlem, har implementation	concrete member, has implementation
konstruktor, körs vid new	constructor, runs when new
kopiera	copy
krymp svansen om kroppslängden är större än 2	shrink the tail if the body length is greater than 2
labyrinth data, derived from image data	labyrinth data, derived from image data
lackalänga	shortoftime
legend: white box with a light gray border, upper-left	legend: white box with a light gray border, upper-left
light gray dashed gridlines	dashed light gray gridlines
line color	line color
line width	line width
linjärsök rätt position i sorted:	find the correct position in sorted:
lista med hörnpunkter	list of vertices
läckalånga	leakybucket
lägg sist i sekvensen med sorterade	add to the sequence with sorting last
lägg till fler användbara konstanter här tex färger etc.	add more useful constants here, like colors etc.
man brukar ha samma parameternamn som	man usually has the same parameter name as
man kan ej deklarera klassparametrar i Java	one cannot declare class parameters in Java
man kan en Bas-instans som en anonym klass	one can treat a Base instance as an anonymous class
mask to get A value in an ARGB pixel value	mask to get an A value in an ARGB pixel value
mask to get an A value in an ARGB pixel value	mask to get an A value in an ARGB pixel value
matplotlib's default "tab10" color cycle, in the order series are added	matplotlib's default "tab10" color cycle, in the order series are added
meddela "game over"	meddela "game over"
milliseconds	milliseconds
milliseconds before the first tone	milliseconds before the first tone
milliseconds between notes	milliseconds between notes
millisekunder innan första tonen	milliseconds before the first tone
millisekunder mellan tonerna	milliseconds between notes
minimal web page	minimal web page
mitt huvud i annans svans	my head in another's tail
mittenoktaven på ett pianos tangentbord	the middle C on a piano keyboard
monster.color	monster.color
motstående sida först	opposite side first
motsvarar: int nbr = list.get(i).intValue();	corresponds to: int nbr = list.get(i).intValue();
mouse click event type	mouse click event type
mouse event handler	mouse event handler
my head in another's tail	my head in another's tail
mycket gott!	very good!
möjliggör omstart även om fönstret stängts...	enables restart even if the window is closed...
namnkrock fixas med this	name collision is fixed with this
nested table	nested tables
new behövs här	new is needed here
note var declaration to allow mutation	note var declaration to allow mutation
nothing should be added, not even a newline	nothing should be added, not even a newline
nothing should be added, not even newline	nothing should be added, not even a newline
number of arguments	number of arguments
number of open frames	number of open frames
nyckelordet override behövs ej om abstrakt medlem i supertyp	The keyword override is not needed if an abstract member in the supertype
nyckelordet override behövs ej om abstrakt medlem i supertyp men tillåtet:	The keyword override is not required if the abstract member in the supertype but is allowed:
nästlad tabell	nested table
om key ingår i keyMap så uppdatera snake.dir	if key is in keyMap then update snake.dir
om man vill ha abstrakt bastyp, vilket är vanligast (?) och enklast (?):	if you want an abstract base type, which is most common (?) and simplest (?):
or shorter with the same result? (easier or harder to read?)	or shorter with the same result? (easier or harder to read?)
or, apples, ev. bananas etc	or, apples, or bananas, etc
orm, äpple, ev. bananer etc	or, apples, ev. bananas etc
ormar och ev. äpple, bananer etc	cows and ev. apples, bananas etc
ovan metoder implementerade med hjälp av den kraftfulla metoden patch:	above methods implemented using the powerful patch method:
override måste anges vid ändrad impl.	override must be specified when modified impl.
override val skalfaktor = 0.95	override val scalefactor = 0.95
override val skalningmetod = "Skållas." //kompilatorn hittar stavfelet!	override val scalingMethod = "Scale carefully." //the compiler finds the spelling error!
path for maze files (within JAR)	path for maze files (within JAR)
pen attributes: current x	pen attributes: current x
plain integer tick labels (no thousands separators)	plain integer tick labels (no thousands separators)
press space to start	press space to start
publikt förändringsbart attribut (ovanligt i Java)	public mutable attribute (unusual in Java)
på	on
qwerty	qwerty
ref copy	reference copy
remove alpha channel	remove alpha channel
renameFiles(here, "w42", "w24-intro", isPrintOnly=true)	renameFiles(here, "w42", "w24-intro", isPrintOnly=true)
reset to starting state, set correct tail length	reset to starting state, set correct tail length
return da String	return da String
returns immediately if no event	returns immediately if no event
run in terminal with:       scala sunserver.fibserver.memcach.start	run in terminal with:       scala sunserver.fibserver.memcach.start
run in terminal with:       scala sunserver.fibserver.memcach.whileloop.start	run in terminal with:       scala sunserver.fibserver.memcach.whileloop.start
run in terminal with:       scala sunserver.fibserver.start	Run in terminal with:       scala sunserver.fibserver.start
scala> :load compendium/modules/rename-script.scala	scala> :load compendium/modules/rename-script.scala
screenHeight	screenHeight
serialize to disk:	write to disk:
set compression values	set compression values
setter med tilldelning ej finns i Java.	assignment without a setter does not exist in Java.
shall inherit SnakeGame	shall inherit SnakeGame
shall overshadow play in SnakeGame	shall overshadow play in SnakeGame
should use GCD	should use GCD
show window again if closed and call start() again	show the window again if it is closed and call start() again
show window again if closed and start() is called again	show window again if closed and call start() again
shrink the tail if the body length is greater than 2	shrink the tail if the body length is greater than 2
sidlängd	screenHeight
ska ärva SnakeGame	shall inherit SnakeGame
ska överskugga play i SnakeGame	shall overshadow play in SnakeGame
skapa dubbel plats	create double space
skip initial slash	skip initial /
special case with ace interpreted as 13:	special case with ace interpreted as 13:
specifies where the jpg image has to be written	specifies where the jpg image has to be written
split source into words	split source into words
standardized header of reply	standardized header of reply
standardized header of reply to client	standardized header for response to client
strings are immutable	strings are immutable
subtypning med inmixning och anonym klass	mixin and anonymous class subtyping
sudda, för varje entitet: nollställ & rita	sudden, for each entity: reset & draw
sudda, meddela "tryck space för start"	press space to start
sudden, for each entity: reset & draw	suddenly, for each entity: reset & draw
sätt in element på rätt plats i sorted:	set element in the correct place in sorted:
sök minsta bland ännu ej sorterade	find the smallest among unsorted elements
ta bort ur unsorted	remove from unsorted
testCreate()	testCreate()
testShuffle()	testShuffle()
testTally()	testTally()
testprogram, ingår ej i tentan men kan hjälpa att fundera på	test program, not included in the exam but can help with thinking about
the drawing area	the drawing area
the frame	the frame
the last event (mouse or key)	the last event (mouse or key)
the middle C on a piano keyboard	middle C on a piano keyboard
the upper left corner	the top-left corner
the x coordinate can vary in many images	the x coordinate can vary in many images
thin black axes border (matplotlib spines)	thin black axes borders (matplotlib spines)
thin black axes borders (matplotlib spines)	thin black axis borders (matplotlib spines)
this behövs p.g.a. skuggning.	this is needed for shading.
tomat är gott!	tomato is good!
type of last event	type of last event
update nextGeneration with rule applied to this instance	update nextGeneration with rule applied to this instance
update pos and size	update position and size
update position and size	update position and size
update, draw new, erase old	update, draw new, erase old
updatera nextGeneration med rule applicerad på denna instans	update nextGeneration with rule applied to this instance
use FreqMapBuilder	use FreqMapBuilder
use sliding	use sliding
val f = g.getFont	val f = g.getFont
val lessPts = pointSeqUtils.removeCopy(morePts, morePts.length - 1)	val lessPts = pointSeqUtils.removeCopy(morePts, morePts.length - 1)
val w = new LifeWindow(__C0__, __C1__)	val w = new LifeWindow(__C0__, __C1__)
val-attribut ej finns i Java.	val attribute does not exist in Java.
vektor med hörnpunkter	vector with vertices
vänta 2 sekunder	wait 2 seconds
väx i rätt riktning med extra svansposition	grow in the right direction with extra tail position
väx och krymp enl. regler	grow and shrink according to rules
w.start()	w.start()
wait 2 seconds	wait for 2 seconds
wait for 0.1 seconds	wait for 0.1 seconds
wait for next event for at most 10 milliseconds	wait for next event for at most 10 milliseconds
wait for next event for max 10 milliseconds	wait for next event for at most 10 milliseconds
wait forever for new event	wait forever for new event
waitForEvent timeout __C0__ __C1__	waitForEvent timeout __C0__ __C1__
white backgrounds, like Matplotlib	white backgrounds, like Matplotlib
white backgrounds, like matplotlib	white backgrounds, like Matplotlib
width	width
window closed event type	window closed event type
write to disk:	write to disk:
writes the file with given compression level	writes the file with given compression level
x- och y-koordinat för	coordinates for x- and y-
x-coordinate, mouse click	x-coordinate, mouse click
y-coordinate, mouse click	y-coordinate, mouse click
|Källa: $from\n    |\n    |*** Antal ord: ${text.words.size}\n    |\n    |*** De $n vanligaste orden och deras frekvens:\n    |${mostFrequentWords(n, text.wordFreq).mkString(", ")}\n    |\n    |*** De $n längsta orden och deras längd:\n    |$longestWordsWithLength	|Source: $from\n    |\n    |*** Number of words: ${text.words.size}\n    |\n    |*** The $n most common words and their frequency:\n    |${mostFrequentWords(n, text.wordFreq).mkString(", ")}\n    |\n    |*** The $n longest words and their lengths:\n    |$longestWordsWithLength
|Välkommen till ett lagom irriterande textspel (om du läst koden)!\n    |Du står framför en fuktdrypande vägg med två tunga dörrar.\n    |Du hör morrande och rytande.	|Welcome to a moderately irritating text game (if you read the code)!\n    |You stand in front of a dripping wet wall with two heavy doors.\n    |You hear snorting and rumbling.
|Välkommen till ett lagom irriterande textspel (om du läst koden)!\n  |Du står framför en fuktdrypande vägg med två tunga dörrar.\n  |Du hör morrande och rytande.	|Welcome to a moderately irritating text game (if you read the code)!\n  |You stand in front of a dripping wet wall with two heavy doors.\n  |You hear snorting and rumbling.
Ändra denna raden om du vill acceptera förtecken utöver `b`.	Change this line if you want to accept lists other than `b`.
Å+Ä -> A, Ö -> O	Å+A -> A, Ö -> O
Överförde $amount kr från konto $accFrom till konto $accTo	Transferred $amount kr from account $accFrom to account $accTo
Översätt class MutablePoint3D(var x: Int, var y: Int, var z: Int = 0)	class MutablePoint3D(var x: Int, var y: Int, var z: Int = 0)
Översätt:  class Point3D(val x: Int, val y: Int, val z: Int = 0)	class Point3D(val x: Int, val y: Int, val z: Int = 0)
är akademiker	is academic
är mindre gott...	is not as good...
återställ starttillstånd, ge rätt svanslängd	reset to starting state, set correct tail length
åtgärder om äter frukt eller blir uppäten av monster	actions if eating fruit or being eaten by monsters
övre vänstra hörnet	the upper left corner
